id,email,password,gender,focus,prior1,prior2,prior3,prior4,prior5,prior6
1,hslafford0@123-reg.co.uk,JaqygASpQ,Agender,vejr,programmer,esport,,håndbold,formel1,nyheder
2,ccullinan1@zdnet.com,PeEAZGI,Female,podcas,tennis,liescore,radar,,samfund,
3,cvan2@vkontakte.ru,rk5M8XMVvDI,Genderqueer,tennis,tech,fodbold,politik,esport,,
4,ihaggas3@yahoo.com,y5PDB1D72,Agender,formel1,basketball,nyheder,ishockey,penge,krimi,vejr
5,dhawket4@youtube.com,etLfR2Z,Polygender,fodbold,tech,udland,politik,,,krimi
6,blinturn5@microsoft.com,HVaTCEJR,Genderfluid,business,liescore,sport,krimi,,programmer,nyheder
7,swaudby6@upenn.edu,vUP9nZB,Polygender,podcas,cykling,tech,krimi,,esport,samfund
8,dfortoun7@nasa.gov,gkD11kjRwu,Female,badminton,cykling,programmer,business,coronavirus,,tvguide
9,crime8@booking.com,FCFa8Ol,Genderqueer,håndbold,programmer,liescore,cykling,,,tennis
10,sworham9@nyu.edu,XmK8gX,Female,sport,klima,esport,tech,sport,politik,cykling
11,nstaytea@livejournal.com,QiyxBn7IU,Non-binary,fodbold,cykling,coronavirus,basketball,tvguide,formel1,udland
12,cbaalhamb@yale.edu,baN4buLzuw,Bigender,liescore,vejr,badminton,samfund,,,
13,kmarklinc@gravatar.com,j8hkjIa,Female,badminton,badminton,nyheder,,business,,
14,rdenidged@mashable.com,D0k2ya,Non-binary,nyheder,politik,penge,,krimi,udland,ishockey
15,ppapaccioe@va.gov,1Koh6U5,Genderfluid,sport,sport,badminton,politik,samfund,basketball,penge
16,whawtreyf@jimdo.com,VL1lwi7V,Non-binary,tvguide,tech,nyheder,radar,klima,håndbold,fodbold
17,nstuckowg@nymag.com,h6mvXfQp,Genderfluid,klima,badminton,basketball,ishockey,samfund,krimi,
18,eegellh@statcounter.com,c4XbHQxN,Male,politik,radar,fodbold,nyheder,basketball,udland,penge
19,chadrilli@about.me,g78K9SsrWI,Polygender,coronavirus,tech,håndbold,politik,,tvguide,radar
20,mfawcusj@cargocollective.com,ZhG3sSV,Genderfluid,tvguide,formel1,radar,tennis,nyheder,cykling,
21,lbraunstonk@apple.com,pPjoTW2Gk,Female,håndbold,tech,klima,vejr,udland,,nyheder
22,myearnel@salon.com,yd6t9q,Genderfluid,krimi,udland,liescore,,sport,samfund,tennis
23,tgossonm@jiathis.com,ZLs8D6Wa6,Female,krimi,programmer,nyheder,liescore,business,,
24,psterken@about.me,ijSLM6,Genderqueer,sport,klima,vejr,politik,,udland,badminton
25,arudeo@wired.com,davLhMyZyd,Genderqueer,esport,samfund,cykling,krimi,,cykling,
26,ddillistonp@vinaora.com,DfELQM0Du,Polygender,håndbold,formel1,samfund,badminton,esport,coronavirus,
27,ssydeq@cmu.edu,NGOQmXO,Polygender,udland,penge,håndbold,udland,tennis,fodbold,
28,fsnowballr@theglobeandmail.com,a7mILw,Bigender,fodbold,badminton,coronavirus,sport,business,tennis,
29,sbuddings@alexa.com,7B4pmSqO,Agender,badminton,håndbold,politik,klima,samfund,klima,
30,jdimitriet@un.org,s8iZNSuGepj,Genderqueer,vejr,coronavirus,penge,podcas,udland,,radar
31,adecortu@harvard.edu,OiRL6Uml0U,Female,podcas,badminton,vejr,udland,cykling,,
32,tspellacyv@deviantart.com,Qc4ETNs,Polygender,håndbold,radar,basketball,cykling,,radar,
33,fklaffw@vk.com,XumlSVJrxvpR,Male,politik,podcas,coronavirus,radar,vejr,,
34,nkuresx@w3.org,faAPDsCvD0a,Agender,podcas,ishockey,politik,business,ishockey,,penge
35,csandbatchy@wix.com,qTSqHrM,Genderqueer,badminton,esport,tvguide,tvguide,radar,,
36,cmcgraylez@ebay.co.uk,4UvMK6I8R7mv,Genderfluid,fodbold,badminton,klima,håndbold,penge,,
37,hbyatt10@fema.gov,DA0QZds5,Genderqueer,fodbold,nyheder,nyheder,basketball,,business,samfund
38,ccastelyn11@independent.co.uk,F1OkHeKpy,Agender,badminton,krimi,formel1,nyheder,,,
39,jshurmer12@free.fr,YIhelNvDDWFZ,Non-binary,coronavirus,tech,politik,klima,radar,radar,nyheder
40,oschneider13@japanpost.jp,ZUZ2Bk,Female,programmer,programmer,programmer,programmer,fodbold,formel1,
41,nbellerby14@hatena.ne.jp,bwA0wn,Genderqueer,politik,radar,klima,liescore,radar,penge,esport
42,rvodden15@cocolog-nifty.com,PExkHKKK7kXL,Agender,radar,udland,basketball,,fodbold,coronavirus,formel1
43,dlassell16@flavors.me,CpBkAu5U3,Bigender,formel1,håndbold,business,podcas,,coronavirus,programmer
44,ldarnody17@va.gov,06riqpRlgbo,Non-binary,formel1,badminton,programmer,formel1,,nyheder,
45,sgarrit18@dyndns.org,ICTJvjWzaRc,Bigender,politik,liescore,vejr,business,politik,,
46,fwestall19@ox.ac.uk,cqOMJPBrNSj1,Male,liescore,formel1,radar,,tvguide,fodbold,
47,sbilton1a@cargocollective.com,Q0ET0nzyA,Bigender,sport,cykling,klima,udland,radar,,politik
48,ccallis1b@google.ca,1wgISCqbiEFq,Genderqueer,fodbold,krimi,ishockey,fodbold,formel1,podcas,ishockey
49,jodowling1c@dailymotion.com,mYTdJ2jV,Genderfluid,business,udland,tvguide,tennis,håndbold,tennis,
50,mchapman1d@cisco.com,Mjf1jhL,Agender,tennis,samfund,udland,coronavirus,esport,liescore,penge
51,chamnett1e@ask.com,IY4ab2ym,Genderqueer,basketball,tvguide,tvguide,coronavirus,esport,tvguide,klima
52,rbricklebank1f@liveinternet.ru,2htU7n16lpz,Female,tennis,sport,penge,cykling,formel1,,nyheder
53,sgiggs1g@salon.com,RPbdZ2TF7zCB,Genderfluid,coronavirus,penge,esport,tech,,vejr,
54,tcartmill1h@si.edu,BByPgLY7bf,Polygender,tvguide,cykling,liescore,tvguide,liescore,,vejr
55,mkilfether1i@google.ca,W8M8TCBlWId,Bigender,tvguide,vejr,coronavirus,,radar,penge,fodbold
56,cmazdon1j@mayoclinic.com,5vNnTdqN13D,Polygender,fodbold,klima,krimi,klima,nyheder,,cykling
57,vlambole1k@imageshack.us,VN568506vgxi,Polygender,badminton,nyheder,tech,håndbold,,ishockey,vejr
58,akupker1l@scribd.com,W8cztOuU8hMk,Genderfluid,liescore,samfund,ishockey,ishockey,fodbold,,tvguide
59,fbishop1m@artisteer.com,zPad9x,Non-binary,coronavirus,klima,podcas,basketball,badminton,liescore,penge
60,lsaterthwait1n@japanpost.jp,C2PWXr6ZriQ,Non-binary,vejr,håndbold,udland,,,liescore,podcas
61,vmeuse1o@tmall.com,oENjKA,Agender,politik,udland,tvguide,penge,cykling,politik,
62,sburk1p@webmd.com,ZFvjkvF6j,Male,podcas,tvguide,coronavirus,basketball,håndbold,liescore,
63,fjanaway1q@goo.gl,puRqqCQLEG0,Genderqueer,krimi,udland,sport,,håndbold,,fodbold
64,jemberton1r@epa.gov,rrPSLKGJ,Agender,basketball,fodbold,badminton,klima,tennis,esport,
65,wdoelle1s@google.pl,gaXV93uYQ1G8,Genderqueer,klima,håndbold,business,penge,fodbold,håndbold,formel1
66,amouat1t@ow.ly,7bnjyLKZlOr,Agender,tvguide,sport,business,badminton,coronavirus,vejr,
67,imelsom1u@amazon.com,cfYe8TgPBzms,Bigender,tech,tech,radar,samfund,fodbold,penge,klima
68,rmcculloch1v@blogtalkradio.com,ST1s563P,Bigender,tech,formel1,sport,programmer,ishockey,,
69,wbrisseau1w@opensource.org,cqNGQ0Hdi,Bigender,ishockey,basketball,udland,politik,basketball,radar,
70,kdewes1x@artisteer.com,c5EInY8s,Non-binary,liescore,håndbold,sport,radar,håndbold,,klima
71,aadderley1y@umn.edu,ZAjwwV,Polygender,samfund,liescore,tvguide,håndbold,sport,politik,liescore
72,tmctaggart1z@narod.ru,8Wv2XcHKNt,Agender,basketball,håndbold,tech,,,håndbold,tennis
73,kaleso20@youku.com,RrQIBIzk8g,Agender,fodbold,penge,coronavirus,business,penge,badminton,badminton
74,jleivesley21@nps.gov,sDqyKNoc,Agender,udland,håndbold,fodbold,formel1,krimi,cykling,
75,dwaliszewski22@smh.com.au,9uRunDulV,Genderfluid,krimi,badminton,liescore,podcas,,,penge
76,kkeogh23@ucoz.ru,3WoEa43,Genderqueer,basketball,podcas,tvguide,formel1,radar,,klima
77,ebehn24@sciencedaily.com,kP1Glx,Male,badminton,klima,fodbold,nyheder,,basketball,
78,bdobell25@examiner.com,1t2LUTVbmMpr,Female,sport,business,formel1,fodbold,coronavirus,krimi,krimi
79,ghawford26@yolasite.com,HW48pkDkR,Genderqueer,badminton,formel1,politik,liescore,,tvguide,politik
80,pduffy27@nba.com,5oyielaBKD4f,Genderfluid,podcas,tennis,samfund,,nyheder,,
81,hstickler28@nationalgeographic.com,TEe8tST02Ej,Agender,udland,fodbold,programmer,programmer,basketball,tennis,fodbold
82,srengger29@gravatar.com,seqEMx,Genderqueer,programmer,ishockey,formel1,radar,liescore,,formel1
83,bsultana2a@baidu.com,NfZh0bLnAQ,Genderfluid,tennis,tech,programmer,penge,,,håndbold
84,alaughrey2b@technorati.com,QMwJDxqRw,Female,liescore,badminton,radar,vejr,samfund,nyheder,business
85,whouchin2c@phoca.cz,76fW4TaGcGv,Non-binary,basketball,coronavirus,basketball,programmer,badminton,,samfund
86,mdumphrey2d@shop-pro.jp,uw1TaLAOai,Non-binary,tech,ishockey,håndbold,coronavirus,radar,coronavirus,klima
87,hbrimelow2e@naver.com,1GjIA9zO,Agender,basketball,tech,podcas,liescore,tech,podcas,politik
88,vrainsbury2f@auda.org.au,3zti1qFLx0k,Male,tech,business,håndbold,krimi,politik,samfund,udland
89,smingaud2g@hhs.gov,AxCPOf8mNA,Bigender,podcas,politik,vejr,politik,,liescore,coronavirus
90,imulrenan2h@tripadvisor.com,3nmy19BP,Female,liescore,tech,samfund,cykling,coronavirus,samfund,ishockey
91,esorel2i@state.gov,sCPaUoT410b,Polygender,coronavirus,programmer,penge,sport,,nyheder,
92,lsilvers2j@a8.net,sKbveTgk,Male,udland,vejr,ishockey,,podcas,liescore,basketball
93,cdisbrey2k@time.com,9ubigUZw,Genderfluid,tvguide,sport,samfund,,,vejr,
94,pstredder2l@ameblo.jp,8WCUs9GeGPKm,Non-binary,klima,krimi,penge,tennis,vejr,basketball,tvguide
95,klampe2m@toplist.cz,LyZgTAn18n,Non-binary,formel1,basketball,nyheder,programmer,basketball,udland,
96,uroad2n@irs.gov,5ElBvdKKAb,Genderqueer,vejr,badminton,tvguide,tech,radar,penge,ishockey
97,hbeeckx2o@adobe.com,2Q4RtotbmnX,Female,krimi,vejr,esport,radar,nyheder,liescore,
98,sridley2p@freewebs.com,qVlL8TdlA,Genderfluid,håndbold,esport,udland,penge,formel1,håndbold,
99,pmcteggart2q@seattletimes.com,mjci9QjLIH,Bigender,esport,sport,coronavirus,tennis,business,formel1,
100,phoundson2r@wp.com,GdNPfn7VzWl,Polygender,sport,tech,ishockey,vejr,podcas,formel1,tvguide
